感觉还是懵懂的状态，转眼间，大学第一个学期的计算机导论就剩下了最后一节课了。对我本科目，遇到了一个开朗的老师，谈及了许多自己从来没接触的东西，收货不言而喻，肯定十分的多，二进制代码，例如11111111，反码，补码，图灵机模型，接触电脑的核心cpu，一些手机，电脑的操作系统，接触了虚拟世界的计算机语言，例如c,c++,java语言，这些都来于近几十年才发展的神奇科目，计算机导论，微电子灵域的发展，丰富了人们的生活，现在，网购，淘宝，天猫，无处不彰显着计算机科学与技术的用处，智能汽车，都体现了计算机的用途，了解计算机，知晓计算机，那就得靠计算机导论。
这一阶段的计算机导论课程，我们依次学习了信息，计算机，软件，程序设计语言和数据等方面的相关知识。虽然本课程学习中，我的书本内容掌握的并不是很好，有些知识点对我来说依然比较陌生，一些细节也容易被忽略掉，导致整个阶段的学习不稳定，但是我感觉到导论课程还有很多有趣的地方，需要我深度学习。
计算机导论总结 大学前对计算机一点也不了解，就用电脑玩游戏，计算机导论算是我的入门课吧 学习感受:感觉老师知识面渊博，经常给我们说一些课外的内容，很有趣。感觉老师很厉害，课本居然是老师写的。 评价：感觉有时讲课时和课本内容不够贴近 有时不知道讲的是课本哪一部分。感觉课本是不是改更新了。 学习感受：感觉初步了解了计算机的一些方面，但是有感觉知识面好大，现在的知识水平下有的地方无法理解，或者听不大懂讲的什么方面，小的方面能听懂，可是无法把讲的知识内容融会贯通。
计算机导轮这门课今年刚学,觉得还是范围太广了,也就是内容太杂,有的内容好深,学起来感到困难较大。在积累了一定的知识后，之前碎片化的知识得到整合，对计算机也有了初步的了解和自己的认识。这门课程虽然刚开始听起来枯燥乏味，但随着学习的深入，我渐渐产生了对它的兴趣，开始主动去探索。
对知识还是不能准确的记住与理解，希望老师能再多加讲解，我也会在课下，多多自学，复习，尽力把知识点，相关信息，必备技能完全掌握，。相信在未来绝对会贯通这门学科。还需多加努力，也要与其他学科，相辅相成。。
本学期计算机导论课程主要学习了信息，计算，数据，程序设计语言计算机未来发展方向等有关内容，使我更深入的了解了计算机专业，也了解了计算机前沿的一些知识，为我深入学习计算机的专业知识打下了基础，在本学期的学习中，我信息熵那部分预习工作做的不好，但我及时改正，在课后作业中取得了好成绩，在以后的学习中，要避免这样亡羊补牢，从一开始就要做好，另外我的实验部分较差，要多注重实践能力的培养。
计算机导论一个学期的课程就要结束了，通过本学期的学习对关于计算机的知识也有了一些大的了解，主要学了信息，计算机组成，软件，程序设计语言，计算机中的数据等知识，丰富了自己的知识，了解了一些之前有概念但模糊的知识，不过自己的掌握程度还不算好，需要多查找课外知识。
评价：计算机导论课是一门比较偏于理论的课程，着重于计算机硬件和软件，计算机的应用，总的来说，这门课程是我们进入计算机行业的必修之课，能够为我们解决许多的专业知识；学习体会：个人觉得计算机导论课过偏于理论，虽然有上机实验，但之前未接触过这类东西，在学习导论这方面还是挺困难的，要花费很大的精力去应付这门课程，但同时也收获了不少，每周总结让自己有所提高；建议：虽然大学和高中不一样，大学主要靠自学，老师只是起引导的作用，但是希望老师讲课时不要太快，还有实验部分有些知识根本没有学过，有些理论课本也没有，希望老师注意实验考试和实验报告的内容。
本学期大致了解了计算机科学相关的知识。 印象最深的大概是老师第一节课提出的用,问两点建议了。感觉老师推荐的网站也很有帮助。 感觉这一门学科是纲要性,指导性的，因而没有涉及很多细节上的东西。另外，课本上对某种东西“特点”，“优点”等的概括较为抽象，在没有初步了解相关事情时，感觉难以了解课本上的总结。 建议老师在布置预习作业时候具体标明预习的页码，而不要在写诸如“人工智能”“数据”这样具体的范围同时，给出此范围外的题目。
经过入学以来的计算机导论课的学习，我对计算机科学有了一个大致的，基本的，轮廓性认识。对这次题目，所涉及的知识点理解还不很深刻，认识有待加强，掌握的还不够好。我感觉这次的题目不是很难。我一定要加倍努力。
这学期的计算机导论其实是我觉得最有趣的课，可能是因为主要都是识记方面的知识，而且每节课的信息量很大，也很充实，对于目前迷茫没有方向的我们很有用。宋老师上课也很有趣，同时我们也能从老师身上看到学到很多我们不具备但是必须的素质与能力，对我而言，这是比这门课更重要的地方。但是对于课程学习上自我感觉不是很好，很多知识点觉得自己掌握了但是做题时总是出错，实验课的成绩很差……希望明年下学期可以继续努力吧，加油！
转眼间，计算机导论这门课已经结课了。大一上学期也马上就要过去。通过学习计算机导论这门课，让我进一步了解了计算机，互联网，云计算，物联网。两次的上机实验也学习到了DOS操作，Windows,和office的一些操作。通过做课后作业题目，又把重要的知识点强化了一下。但是这门课的课时太少了，一本书才讲了一点，学到的东西也不是太多。要更加深入的学习计算机，学习云计算，大数据，人工智能我还得多看一些书。只有这样，我才能在大学中学习到更多知识。
这一课的作业做起来不是特别顺利，感觉题目比较难，可能是计算机书上讲的知识，我还没有搞清楚，不过我会再一次去了解这些相关的知识，去完善我的知识面，争取努力弥补我的这方面的不足，同时相信我能够独立的完成。
这一课的作业做起来不是特别顺利，感觉题目比较难，主要因为预习方法不得当，太浮躁，知识我还没有搞清楚，不过我会再一次去了解这些相关的知识，去完善我的知识面，争取努力弥补我的这方面的不足，同时相信我能够独立的完成。
本学期的学习总的来说还不错，所学知识大部分都能掌握，还有一下比较难以理解的内容相信通过以后多多看下书本也能够达到熟练掌握的程度，但是不满意的是很多内容都只是粗略了解，未能够深入，也许是这些内容离现实生活有点远 ，但是相信经过多多实践，总能够掌握的。
这次题目都是平时练习做过的，基本都会做，但是有些问题的印象仍有些模糊，再加上限时完成，压力难免有些大，在规定的时间内完成没有问题，一些题目的感觉很陌生，需要查书才可完成。。。。。。。。。。。。。。。。
本章我们学习了计算机中的高级语言程序设计，了解了计算机科学中大多数的程序设计语言。我个人认为这是计算机导论较为难的一章，因为我这一章的作业分数很低。。这章中，我们先学习了程序设计语言的分类，然后学习了编程模式，最后介绍了一系列不同用处的语言和并行语言。
不知不觉大一上学期过去，计算机导论也结课了。其实比起c语言，计算机导论更加理论，而计算机导论作为通识课也更是为了搭建一个基本的知识体系，让我们对计算机这个专业有一个整体认识，同时在学习的过程中确立今后的方向。这堂课不仅有对生涩概念的解读，还包含和现实生活密切相关或即将出现在我们周围的新兴元素。这些都是计算机人士需要了解和将要了解的。对于许多地方我还不太熟练，思路也不太清晰，对知识的掌握程度也不太稳定。我将更加努力去扎实理论基础，同时明白自己想要什么来决定今后的方向。
时间如白驹过隙，这门课就这么结束了。记得第一次见到老师时从老师开始说话开始，我就觉得这个老师不错，风趣幽默，和其他老师都不一样。但是这门课程却给了我不同的印象。ヽ( ￣д￣;)ノ因为要记背的多(虽然这不是理由)而且扩展的也挺多的。如果不扩展，那课后题目有些是做不出来的，要靠直觉。最大的体会也是这:很多题目在书上没有答案，要靠你自己去网上找，而且网上也只能找到知识点，不好好嚼一嚼还是做不出来的。除此之外，便是关于计算机的知识真多，真杂。而且很多学科也是串起来的，相互之间相辅相成。我希望能完善问题功能，让每个问题都有解答。
这个学期即将结束，而计算机导论也学了一个学期了。通过这门课程，我学到了许多计算机的基础知识和新的发展技术。书中的内容十分广泛，虽然我学到了很多，但仍然有些不懂的问题。可能是因为有些东西是刚刚接触到，所以不太熟悉，我觉得最重要的还是要多看书，课前预习并且课后多复习，理解书中的概念。
这个学期已经接近尾声，而计算机导论这门课也同样要结束了，经过这几个月的学习，学到了很多新的东西。在我看来，计算机导论是一门充满魅力的学科，每一章的内容虽然有些深奥，但还是挺有意思的，这一个学期，感觉自己没有达到自己想要的结果，但自己会更加努力，把这个学科学好。
光阴似箭，岁月如梭。转眼间，计算机导论这门学科一学期的学习就要告一段落了。一开始导论上的题很简单，到了现在就算按着书做也很难拿到高分了。虽然已经过了一学期，但是大学生活的实际感仍然不明显。确实，自由度比高中高了，一个人的独立性也提高了。可是，到了现在，我还是不明白，有些东西的学习于我有什么意义（不是说计算机导论，比如电路原理，只是这里可以当一个平台倾诉）。说实话，用心去学也不难。但是，没有兴趣的学习，是在是一种痛苦的行为，尤其是你不知道这个东西对于将来的自己究竟有什么用的时候。到了后面就算有自己选课了，但是还是有一些必修的我不清楚其意义所在的课。再者，大学相交于高中阶段，给你固定环境的时间少了，你所追求的必须要自己主动去参与才行。没有人在后面推，我不是很主动的那种人吧，所以很多时候都会自己选择放弃。因为不希望自己付出努力却一事无成。之前说大学是给奋斗十二年的学生一个港湾，虽然学习所花的时间和精力都少了许多，但是压力不减反增，大概是期末考试不过就要重修（虽然不难但是很麻烦）。我不是很明白这样的意义。大概是我想找一个环境放松却发现这个环境是需要你更努力才会体现出成果的环境吧。最后，在这快结业的时候，祝老师身体健康，万事如意！准备说再见了呢。
通过学习计算机导论这门课程，我对计算机技术有了初步总体的了解。本学期学习了一到六章，这门课程概念比较多，平时需要要多看课本。内容由浅入深，循序渐进，紧密结合计算机新技术的发展。但是学习了一个学期之后，我发现只学习计算机导论这一本书是远远不够的。我们正处于一个科技飞速发展的时代，每天计算机都在更新换代。所以在课后，我会上网查找与计算机有关的资料和阅读相关书籍，以拓宽自己的视野。 建议：课程比较枯燥，我认为老师可以课上提问，活跃课堂氛围。
在这一学期里，学习计算机导论这门课程的过程中，我感触良多，就我个人而言，我觉得这门课程是一个概念课，理解的东西相对较少，学起来按道理来讲应该是比较容易的，但好像并非我想的这样，可能是因为这是一门新的课程吧，所以学的时候稍微有点跟不上节奏，不过我还是努力了的，在学习的过程中遇到了各种各样的问题，会去翻书寻找答案，好像题目有时候也没我想象中的那么简单，但每次我都看了后来发的答案并且把它弄清楚了，唉，毕竟是新东西，可能还是需要时间去适应吧，在今后的学习过程中，我会多看看书，多记东西，同时得加以理解，这样才能把这门课程学好
计算机导论的课程已经结束了。整本书讲了很多大的方面，粗略的介绍了计算机学科中每个方面的大致内容。但我知道，计算机远远不止书上的这些内容。这学期给我印象最深的几次我可能会一直记得：第一次是在学冯诺依曼结构时，我似乎觉得我就是一个真实的计算机，和它有着类似的运作方式，只是它比我快，比我准！你说我们最大的优势是我们会自己思考而它不会，但是我想：我们人不正是由那些最小的单元构成，每个神经元等最小单元不也是按照一定的工作方式运行的吗！只是我们进化了几亿年而它还只像一个刚出生的孩子，还需要完善。计算机终将超过我们。第二次是写总结的时候：我以前从未写过总结报告，我感觉学的一切都理所当然，就完全不知道写什么，没什么重点，我相信我会在以后的日子里一步一步改善总结能力，可能这正是我所缺少的。我感觉现在的我很糟糕，希望从现在能一步一步改善自己，提高能力吧！！！
这学期这么快就到结尾了，感觉还是有点懵懵的状态，或许正是因为这门课程叫计算机导论吧，讲的貌似都是梗概，感觉老师似乎也仅仅只是让我们对计算机的东西有所了解吧！就觉得这门课和其他专业课不一样，课堂挺好的，觉得老师很可爱，讲课也挺好的，只是一次课上一章有点赶，特别是由于最开始的几周课并没有按书上的来讲，可能这种对我来说就像是普及教育的课程我还不太习惯吧，说实在的，我对知识的掌握还不够，只有印象，看见可能知道有这个东西，这样的作业形式和老师其实是很新颖的，挺好的，上这个课挺开心的，另外，我觉得每周做一个总结和习题，挺好的，只是我没有好好利用吧，每次总结都只是把书上的内容弄下来了，感觉并不是总结，虽然也是有用处的，但效果绝对没这么好。感觉好像没啥建议耶！加油！
不知不觉中已经到期末了，计算机导论也快要结课了。回顾一下自己在这一个学期的表现和对知识掌握程度，感觉是一般般的，如果努力还可以更进一步。课下时很少回去复习一下学过知识，所以学会的知识遗忘的也快。虽然有计划，但很少执行。以后一定要有自己的学习计划，明确什么时候该做什么，我相信下个学期会有所改变的。
一个学期的学习，眨眼就过。计算机导论这门课也是全新的内容吧，许多东西都与生活和专业息息相关，通过学习，更加详细地认识了解关于计算机科学的内容。这门课都是以文字记忆为主，也进行过上机实验（练习DOS系统等），要求学生了解，记忆有关计算机的各种概念，以便之后进一步的学习。但是个人，很容易忘记交APP的作业，缺了好几次，好无奈。希望能在截止日期前提醒也一下。
本学期我感觉自己学到了不少的东西，对计算机有了一个全面的了解，硬件、软件还有网络，都系统的了解了一下。当然，在这学期，自己还是有不足的，老师上课提到的新名词或概念没有即使的去查，没有去弥补知识漏洞。感觉计算机涵盖的东西很多，所以要常总结，把知识串起来。
本学期学习的知识内容虽然丰富而且庞杂，但是感觉应该都没有讲的很深，都仅仅是停留在入门或者是简单介绍阶段。毕竟这门课就叫做计算机导论，学习的知识还是以理论为主，学习中最重要的应该就是记忆了，书中的信息量很大，而且体系结构复杂，有很多比较相近的概念比较容易混淆，需要加强记忆以及理解。感觉对大部分知识的了解都只停留在理论阶段，都还需要自己到时候去实践才能进一步加深理解，强化学习。建议的话希望以后能有个复习和归纳总结的课，加深对计算机导论这门课的理解。
我个人觉得本学期的计算机导论课程挺有意思的，课堂上老师讲课讲得也很有趣生动，课堂上不会枯燥，出现冷场的现象。计算机导论课程就是引导者，引着我们去了解计算机，学习计算机的硬件，软件，语言，算法什么的，为我们以后更深入的学习做铺垫。我本人学到了很多，从一个小白到现在的懂了计算机，这就是这堂课的意义所在。至于我个人的建议，就是希望老师讲课速度要调整好，之前第一章讲的贼慢，后边又贼快，一点儿也跟不上。不过总的来说，老师讲课整体还不错，生动有趣。
通过这次实验测试，我了解了自己对于这门学科的学习效果并不是很好，有很多选项模棱两可，无法确定，尤其是对于信息熵的计算以及反码补码等的计算，有一定障碍。这些知识点对于以后的深入学习都有着极强的基础作用。
有很多题目给忘了，记的不太清，，还需要多做题掌握，，不知道，可能有好多道题做错了吧，希望分数不要太低，它竟然考了第二章的知识，我有很多都不会，第二章没有好好预习，以got要好好预习只是，因为我经常记不住
本次课堂测试是对这一章节的小测，也是对之前课前预习的总结。从中我明白我还有挺多的不足，也还需要继续努力，相对于计算，我欠缺的还是理论知识的准备，所以在今后的学习应该要多多在理论学习在多做功课、多多努力。
本次测验不是很难，基本上是原来做过的题目，但是我有些知识不记得，所以在做的时候感到有点困难。计算机是信息处理的工具，信息的定义有很多种。计算机科学最初源于数学，所以数学是计算机科学的一个重要基础，所以想学好这门科目，我还要加强数学学习
这些题目比较全面的考察了我们对计算机的掌握程度，而且在一些方面考察了我们的对外的探索与拓展，这样可以使我们对计算机的内容的印象更加的深刻，但是我认为 还是不够的完整在知识炼上1111111111111111414111111111111111111111111111111111111111111111111
题目较为简单，都是之前练过的题目，但仍有些概念与计算不太熟练，应该增加训练量，多做题。比如进制间的转换的题目较为费时间。感觉知识贫乏日后要努力学习。 但是字数有点难凑好像还剩两分钟怎么办呢我有点难受。够了。
这次题目都是平时练习做过的，基本都会做，但是有些问题的印象仍有些模糊，再加上限时完成，压力难免有些大，在规定的时间内完成没有问题。0000000000000000000000000000000000000
哎呀好难啊哎呀好难啊哎呀好难啊哎呀好难啊哎呀好难啊哎呀好难啊哎呀好难啊哎呀好难啊哎呀好难啊哎呀好难啊哎呀好难啊哎呀好难啊哎呀好难啊哎呀好难啊哎呀好难啊哎呀好难啊哎呀好难啊哎呀好难啊哎呀好难啊哎呀好难啊哎呀好难啊哎呀好难啊哎呀好难啊哎呀好难啊哎呀好难啊哎呀好难啊哎呀好难啊哎呀好难啊哎呀好难啊哎呀好难啊哎呀好难啊哎呀好难啊哎呀好难啊哎呀好难啊哎呀好难啊哎呀好难啊哎呀好难啊哎呀好难啊哎呀好难啊哎呀好难啊哎呀好难啊哎呀好难啊哎呀好难啊哎呀好难啊哎呀好难啊哎呀好难啊哎呀好难啊哎呀好难啊哎呀好难啊哎呀好难啊哎呀好难啊哎呀好难啊哎呀好难啊哎呀好难啊哎呀好难啊哎呀好难啊哎呀好难啊哎呀好难啊哎呀好难啊哎呀好难啊哎呀好难啊哎呀好难啊哎呀好难啊哎呀好难
哎呀好难啊哎呀好难啊哎呀好难啊哎呀好难啊哎呀好难啊哎呀好难啊哎呀好难啊哎呀好难啊哎呀好难啊哎呀好难啊哎呀好难啊哎呀好难啊哎呀好难啊哎呀好难啊哎呀好难啊哎呀好难啊哎呀好难啊哎呀好难啊哎呀好难啊哎呀好难啊哎呀好难啊哎呀好难啊哎呀好难啊哎呀好难啊哎呀好难啊哎呀好难啊哎呀好难啊哎呀好难啊
通过预习我渐渐明白了office各应用程序功能，比如word、excel等。但我知道仅仅只是一部分，很多功能我还不懂，当然在以后的学习中我会慢慢去了了解。接下来的实验我也希望可以多学习如何操作这些程序。
这次实验主要是了解有关windows操作系统以及其他一些功能。虽然我已经预习了实验内容但还是不太明白windows操作，感觉题目也比较难，可能是因为我还没弄懂这些内容。实验时我一定要多操作，进一步了解这些功能。
这个实验就真的一脸懵的感觉了，真不知道明天的上机实验课怎么办了？好担心！关于office应用程序这个我是真的没有听说过了，不得不去网上搜下相关的介绍，发现office应用程序包含我们常用的word文档， excel表格，powerpoint等等。虽说查了一下，但还是不是特别理解。真的好难过！！！
这些题目是有关windows的一些概念和知识，能具体运用到具体的上机操作中。对于没有一定基础的人就比如我来说这些题都是有一定难度的，我需要花比别人更多的时间去理解这些问题，虽然我现在不是很懂，但通过学习之后我会懂得更多。
这次交的有点晚，有的知识点不知道，在网上找的时候没有具体的讲解，有的知识点有不清楚的地方没有具体的依据可以得出答案。还有便是这个实验也没有讲过，没有什么基础，很多的内容都不知道，很无赖，不知道什么答案。
office接触过一些，excel.word.powerpoint.exe不是很熟悉，可以制作些表格，但是深层次的应用就不太会，希望能在接下来的实验有所改善，学会实际与应用，更快的掌握office的基础知识与应用
对于office基本不太了解，虽然老师说假如让我们学一下子就可以懂，里面的一些内容以前也都看见过。像word文档，应该还是常见的，但excel什么的就没怎么用过。以前用幻灯片演示各种东西，却对它的英文名字感到很陌生。希望学习一些后能理解。
本次是有关office的题目，感觉不是特别懂，可能是之前没有过多使用电脑的缘故，对哎方面的知识缺失较大，不能够很快完成本次的题目，查阅了好长时间才勉强做完本次的题目，但是感觉正确率不高，还是要多看看资料。
这次的关于office的实验主要讲了Word，Excel，PowerPoint等等，难度比较大，对我来说不是特别容易接受，虽然知道这个只有通过实验才能牢记住，可是由于自己的接受能力比较弱，所以比较累人，总之下次一定会认真听讲的。
这次实验测试的题目我还是有一两个不会做。特别是那个WINDOWS的文件的知识，没有掌握好。看到那个题目很茫然。只好去cs课程群里面在翻了一遍文件，然后才做出来了。对于这次测试，我认为应该多把，WINDOWS文件看几遍。便于加强自己对知识的掌握。
做了关于Windows的题之后，感觉自己真的一点不了解，首先对它本身是一个系统就了解不够透彻，然后关于Windows的功能和与代码的关系更是搞不清，还有那些执行文件的顺序也是今天刚刚查了才知道，今天题目有些难。知识点掌握也不好
这次实验的难度还是比较大的，主要讲了Windows还有文件格式等等，对我来说不太容易接受，虽然老师在前面讲的很卖力，但不知道是坐在后面的原因还是什么，总感觉听的不是很清楚，但是我相信，在下次的实验中我一定会更新用心的去听讲。
本次预习学习了有关windows的有关内容，感觉不是很了解，有些地方有困惑，预习题目感觉有难度，希望明天的上机课能过将预习的内容加以运用与实践，更好的掌握有关内容，不过对明天的考试有担忧，希望可以通过。
这次Windows的实验预习有较大的难度，Windows系统的很多方面都有些模糊，不是很清楚知识点，题目写下来有些难度，多于windows系统我感觉自己不是很了解，需要加强对它的了解，更熟悉这个系统。
本次测试难度比较大，对于Windows操作系统的了解比较少，很多题目都不太清楚答案。对于Windows系统不能操作的东西也是十分的不清楚，还需要多多查阅资料书来拓宽自己的知识面，希望在以后的学习中能够踏踏实实的学习知识。
老师上次做的优先级的实验没有跟上，上机时不会做com,exe,bat优先级比较的实验，windows的掌握一般，鼠标的那个题最简单，实验还是上机操作能发现更多的问题，希望明天上机学习实验课程有所发现。
对这次的office感觉还是挺陌生的，老师上课的时候没有讲到过，书本上也还没有看到。很多的题目都无从下手，看哪个都像正确的，看哪个又像错误的，真的挺懵的。开始不知道最后一个实验是做这个，很唐突。一路做下来都是不确定的状态。
虽然说office是个常用的办公软件，但是因为我以前也不怎么用到所以也不了解。对于插入图片，制作表格等常规操作也不懂，更不了解什么关于格式之类的问题了。所以希望自己尽早有一台电脑，这样我就可以既方便有轻松的学到这些知识。
根本就不会 好难啊 百度查不到 资料书上也没有 需要 换一个途径 寻找自己所需的材料 这样才可以进步 知识的积累的很难 需要不断重复 这样才能取得进步 内容的更新也很快需要不断去努力 需要一些新的搜索软件才可以找到自己想要的内容
本次的实验内容相关的知识不少，题目涉及范围广，大多是常用常见的软件，对于经常使用的人来说不难，可是对于没有接触过的人来说并不简单，毕竟内容相当多，一时间难以理清也是常理，希望实验的时候不是太难，让我们能有时间适应
我还是什么都不知道就在这选(〒︿〒)。虽然会用wps，但对他的更多功能就不怎么了解了，而且我用的比较多的是word，对于ppt和excel我就用的比较少了，更何况关于他们的功能我就更不了解，希望老师讲解讲解。
很多东西虽然都有所了解，但都只是略懂皮毛，从来没有深入研究过，就这简单的5道题，我却感觉都不知道一样。。感觉很惭愧，亏得自己还是学计算机的呢，这些都是最基础最基础的吧，以后我一定要好好学，不能丢自己的脸
我感觉发的文件和我所做的题区别有点大。。有些题我要查一查才能知道正确答案。。。。真的很难受。总感觉PPT课件讲的内容有些复杂难解的内容。还有，明天计算机导论的上机测试也让我内心十分忐忑。感觉不是很习惯，不知能否做好。
实验题目较难，很多都不知道，书上都没有，比如windows能做什么不能做什么，还有Windows的定义，不知道还从哪里找材料来做题，在网上找也是百度百科一大串的定义，没有涉及这些方面的，以前也不怎么接触电脑，希望老师给个建议
本次题目我无法从文件中寻得答案，换句话说，发的文件中没有可利用的信息，并且我感觉lab3和要学的Windows没什么关系，他只是在介绍Windows7(〒︿〒)。所以说感觉这次的题目出的没什么意义，学不到什么。
这次所学的内容 掌握的很差 很多都不知道 没有运行过文件 只有一个笼统的概念 具体如何操作以及如何运行 掌握的很不到位 还需要不断去努力 去进步才可以把自己所学的内容 运用于实践 需要自己去找寻答案 来完成自己的知识储备 才能取得很好的进步
这一次的题目难度比较大，需要对计算机应用知识有一定的了解。其中office系列办公软件包括Word、Excel、PowerPoint等。希望自己在计算机导论的学习过程中能够认真努力，不留下缺漏点，加强记忆。
我感觉这次的题目说难也难说简单也简单，不是从课本上找出的知识点。相比于之前的实验的题，这次的题其实初高中都学过，就是大部分一直没使用，都给忘了。希望可以在上机课上亲自操作把它尽量回忆起来，嗯就是这样。
关于对这一部分的内容，自己还不是太掌握，需要多加查找资料，问同学问老师，把自己薄弱的基础快速巩固起来。这些内容真的都是最基础的，希望老师可以考虑一下我们这些0基础的学生，尽量小讲一下这些东西，谢谢老师。
我感觉这次的题目虽然不是很难但很细。没有参考的书籍感觉做起来有点吃力。我对这些题目的了解不是很好。用Word软件可以编辑文章、图片、声音。excel在制作表格时十分方便并可以以此来管理数据，并且数据分析能力很强。
windos我们很熟悉却又很陌生，不知道它是什么，但却经常使用它。所以，其实很多东西不需要搞懂，如果你感兴趣或者需要去了解他，就好好学，否则只要会使用就好了，无需太认真的，但是人悲催的我一个计算机系的，要好好学。
啊什么都不会，真是悲伤啊 ，再这样下去就完蛋了。还好，金秋艺术节结束的早，希望再也不要有下次了，真可怕，完全耽误学习，感觉整个人都乱掉了。还好，吸取了教训，不会再有下次了，以后就专心搞学习了。社团也是要少加点了
本次实验我还是未在书中找到相关题目的信息，这可能是学习计算机必备的知识。但对于一个并不是自愿进入计算机专业的人来说真的没有底子。这些题目也真的无从下手。希望可以在实验中，在老师的指导下，同学的帮助下学习并完成
首先我对word office 的一些概念术语都不了解，比如页眉页脚,感觉之前似乎听都没听过，平时也制过表,做过PPT,建立过文本文档,但对于题目中的一些东西基本上都不知道，没有一个确切的知识库,只有印象,想当然.这种感觉很不好,这几次的题目感觉对于我来说都有困难,感觉就像是我们要把之前的感觉都忘记,错误的理解都抛弃,才能有耐心吸收这些专业的东西.加油加油！
本次题目书中并没有找到，可能这是常识，但我真的不知道，这次预习很有挫败感。不知道的东西太多了，但我这种没研究过电脑的人对这些真是一无所知，不禁担心起明天的实验。希望以后的预习可以有参考。不然真的无从下手
关于EXCEL的使用我确实是两眼一抹黑，很多看起来基础的知识我都完全不了解，这大概是我不怎么使用这类办公软件的关系，所以在之后的学习里，我也认识到了学习这些办公软件使用的重要性，我也会尽量了解其中的知识以备不时之需。
对于我来说，没玩过电脑，不懂一切操作系统，就连打字也要看着键盘一个一个字母打，凭空看老师发的文件，真的不能理解此次实验的内容具体如何操作，感觉都是模糊的，所以难易程度挺大，掌握的不是很理想，只能先去实验室熟悉一下再做实验''
关于windows这些题目中的基础知识我大致都还是清楚的，但宋老师上机课上讲的一系列知识，说实话我没能完全理解，自然也没有完全记住并消化，在自己的自主学习积极性增加后，也希望老师讲的慢一点点。继续努力吧！
这次的作业相对来说还是比较难得吧，，毕竟是一次实验预习的作业，需要查阅很多资料，看的是我们的实际操作能力，而在这方面我觉得自己是比较欠缺的，所以我一定会在以后的学习过程中多去实践，多了解和实际操作有关的东西，提高自己的动手动脑能力
不知道在哪预习，没有找到文件。。。。。。。。。。。。。。。。。。。。。。。。。。。。。。。。。。。。。。。。。。。。。。。。。。。。。。。。。。。。。。。。。。。。。。。。。。。。。。。。。。。。。。。
本次的测试题，主要还是关于计算机基本办公文件的操作，大部分在高中阶段已经学过，不过也忘的差不多了，感觉就本次测试，感觉在office办公软件的应用上还是存在一定问题，具体题目难度并不难，主要问题在掌握程度不够
这个office的内容就是我们初中和高中信息技术课的主要内容，但是以前只是注重操作题，对于一些概念之类的内容不太在意也不太清楚，然后那些东西考完试之后就没有再接触过了，都忘记得差不多了，所以对于这几个题还是有点模糊的。
之前觉得对于windows还比较了解，但预习后发现并不是那么简单，之前知道的好像仅仅只是一点皮毛而已，好多细节的地方没有刻意的去看过，所以还有好多不懂，希望这次的windows实验能让自己对它有很多了解吧。
本次题目较难 windows系统从开始发展到现在已有十多个版本，并且伴随微软公司发展带动了整个计算机的发展。 本次题目涉及了windows系统的结构方式，基础文件对应含义以及先后顺序还有硬件鼠标的基础操作
对office的基本程序有了了解，熟知了word的一些基本操作方式，对Excel表格有了进一步的了解，以及对它有了初步的操作能力，但由于没有电脑，没有对他们有一种实际的操作能力，目前对他们还停留在理论能力上。
通过此次的题目我了解了有关于windows操作系统的有关知识，并且恰好通过这次学习对windows和DOS做了个简单的对比，体会了两者之间的不同。尽管平时生活中用的最多的就是windows系统但对它的理解任然不是很深刻。
初步了解到Windows系统的特点以及它和c语言程序的区别，对Windows系统文件的运用有了一定的掌握，但对Windows具体的实施操作还不是很熟练，对Windows下的c语言操作掌握还行，对文件的应用也还有一定的不足。
预习的很迷茫。没有渠道去预习这些知识。完全是凭借。小学。中学阶段的相关学习和日常操作应用的经历与经验来答题的。虽然有的题可以一知半解的写出来。但是有的题目完全就。没有头绪了。觉得下次的实验要认真练习。毕竟从接触office到现在也是有好多年了。和学校工作生活。用处很多。觉得学好offfice将受益匪浅。
很难从来没接触过，没有电脑更加无法预习，完全是蒙的，这些软件平时几乎不用，不知道学这些有什么用，感觉很无聊，软件功能太多了无法了解全面，太复杂了，对子我们这些平时不用的人来说确实很难，还是要努力学习。
感觉有的题目理解不太来。不知道是上课没仔细听。还是题目拓展的太宽了。特别是第五题。理解的不太来。这些题目这次是在。实验课完才写的。觉得。果然做了实验以后再来看这些题目。会觉得很有体会。写起来也比较得心应手。对于dos的印象逐渐改观。并不如第一次接触。觉得。那么的枯燥了。
虽然比较熟悉windows但还是感觉比较难答，windows还是有很多我不知道的，需要努力学习，windows是个很好的操作系统，应当学好windows，个人感觉对其了解还行，不会太生疏，希望继续努力
对于windows这个老师在上节课原本打算花点时间讲一下的，但是因为课程的需要没能来得及说。老师说这个比较简单，但是做了前面的题目有一点懵。也不太清楚windows的操作是不是跟自己所想的是差不多的。希望老师在周天的实验课上也可以先演示一下。
对office我知道的还很少，因为用的太少，所以几乎不去了解，只在高中学业水平测试考计算机才学了起word和excel，但现在也忘了。所以这五道题还是很有难度的，我知道的是很少的。对题目掌握不太好，上机时希望能好好用一下。
通过这几道有关office应用软件的考查，我已大致了解了office软件的主要功能是处理一些数据和播放幻灯片，但是一些细节的内容还不是很清楚，只知道功能 但是不知道怎样实现这些功能，这些具体的操作还有待后续学习。
对于office的word和excle，以前也学过这两个软件的使用，关于它俩的题还是比较荣容易做的。而PPT只是经常看到却没有去做过，对于里面的一些基本操作都不是很了解，所以专门去查了查关于它的知识。
Windows是与我们息息相关接触的很多的东西，但是实际上对于Windows的很多操作我都不熟悉，感觉看了那个预习资料后也没啥概念，确实还是不太明白啥是Windows，所以在这个部分得多花一点时间，而且做完题目之后跟不知道了，更加模糊了，觉得和自己的理解着实不太一样。加油加油吧！
都没见过，这些东西我去哪找。书上都没有讲，ppt上也没有，只能靠以往的经验来粗略判断。我是茫然的，不知道去哪学习-_-#感觉这本书没什么用，还得靠自己到处找，别处搜才能粗略了解，很不系统，不综合。。。。
本次实验测试难度较大，题目涉及与windows有关的知识，且涉及的范围较广，题目难度较大，需要熟练掌握windows的操作才能完成题目。我对windows操作不太熟悉，以后要花时间和精力在windows的操作上。学习计算机对我来说难度很大。
我只想说书上关于windows的第87页什么都没讲，只有简单的介绍，对于题目我是一脸懵逼的，无从下手，只能通过ppt上了解一些信息，感觉很吃力！但我个人觉得windows操作系统还是很好用的，虽然我对它还不够了解
我的感悟是这次题目比较难，基础内容多，不过我对计算机的基础office不够牢固，由于不能带计算机并且没有课本，这类内容比较生疏，不能够很好的掌握知识，导致预习不够充分。为了做到高效有序的完成任务，还需要不断地加强练习.
完全不知道，手上没资料，不让带电脑，还能怎么着。 不好 感觉很难。₍˄·͈༝·͈˄₎ฅ˒˒₍˄·͈༝·͈˄₎ฅ˒˒₍˄·͈༝·͈˄₎ฅ˒˒₍˄·͈༝·͈˄₎ฅ˒˒₍˄·͈༝·͈˄₎ฅ˒˒₍˄·͈༝·͈˄₎ฅ˒˒₍˄·͈༝·͈˄₎ฅ˒˒₍˄·͈༝·͈˄₎ฅ˒˒
这次题目主要是关于windows操作系统的知识，考查了我们对window系统的功能以及一些和操作，通过这次预习关键让我们在上机是能对window有一个很好的理解，这样我们在机房实际操作时更加顺利，只有通过这些题我们才有一个很好的了解，才能熟悉怎样去用window。 同时我觉得这次题目对我来说还是有一些难度，因为对window有很多不理解的地方，但是做这些题很有必要，只有这样才能理解更多关于window的知识。
本次题目难度很大，因为我没怎么接触过office，只是偶尔接触过，对于里面很多问题不是很清楚，在大学里office肯定是必须要会的东西，跟高中不一样，所以我希望我能在这方面多花点心思，把它学会并且学好
我感觉这次的题目比较难，不是从课本上找出的知识点。相比于之前的实验的题应该要灵活一点，而且这次的知识点有的需要理解，但又不太好理解。希望可以在上机课上亲自操作把它彻底的搞明白最次也要理解，嗯就是这样。
通过预习，我简单的了解了word、PowerPoint、excell等应用程序的基本使用方法，目前还存在的问题是:对于excell中数值的格式还有疑问;还有在PPT制作过程中如何变模式展现出每一页面。
做完这几道简单基础的有关windows的题目后，我发现我对于windows的操作系统了解得还不够全面，只知道一些表面的东西，对于更深入的知识，却是一问三不知。对于计算机的硬件，我也不是很懂，软件还知道一些，还是需要好好看书啊。
本次题目较难，有些我不清楚。日常生活积累关于计算机的知识，是我现如今这个阶段应该做的，选择计算机系就要花时间在了解计算机上，我接下来的时间里我会花时间在日常积累上，关注计算机的发展，以增加我这方面缺少的知识。
本次题目我无从下手 ，一点也不懂知识点，理解困难，题目较难，一方面我没有电脑，无法实践操作不知道题目的东西在电脑的哪里…题目的各种软件我都没用过。不过经过网上资料的了解我还是懂得了许多，虽然很抽象没有操作，但还是勉强能懂。
完全不知道。(,,•﹏•,,)为什么实验三资料的内容那么像商业广告，然而测试完全不是那么回事。 感觉自己不行。 感觉题目好难，难受，想哭(๑˘̴͈́꒵˘̴͈̀) ˮ вyё вyё(๑˘̴͈́꒵˘̴͈̀) ˮ вyё вyё手动再见
总的来说这次的预习成果不太理想，我对于Windows的相关知识还有一些不理解的地方，尤其对于BranchCache和DirectAccess方面的知识还没搞懂，希望老师可以着重、系统地讲解一下这方面。
这个是真的没学，不过比较简单，尽管像我这样的，之前没有怎么了解过office办公软件的菜鸟同学也可以，emmm，不可以回答出来，但是我去百度了，锻炼了查找信息的能力吧……总的来说，其实这些题目还是我不会做的那种。
哎哟难死我了，我好多不会，除了那个bat，exe，com的运行顺序问题会，其它的都不会，强行百度啦，看到题目的时候真的好绝望，好多问题百度都不给解释，我只能想办法猜，这些问题在书上没有看到过……上课没感觉讲过啊……哎哟真的好难
本次实验还未进行，实践起来应该会好一点吧，看了一遍课件，对windows 7也算有了一定了解吧。但应该还是经过实践才会了解和掌握的更好一点的。题目呢是有一定的难度的，有一些是真的不知道，但今后应该就知道了。
这次预习完全没有相关资料，都不知道预习什么，题目的意思也不懂。只有在网上寻找相关资料，但对于那生硬的操作方法也不是特别理解，这次的预习比较失败。准备到实验室听老师讲解后在进行实际操作，因为光凭网上的解释完全不懂什么意思。
对于PowerPoint，excel，word的运用在日常生活中都遇得见，但是感觉做题时有很多不确定，对于word的格式和样式也没太分清楚，有些东西就是运用的来，就是不知道怎么描述，专业术语是什么，我想这就是我不确定的原因吧。
本次题目要求掌握office应用程序的操作，内容涉及较广。要求学会使用word、excel、powerpoint等。难度较大，知识点较细，需要花费时间和精力实际锻炼应用才能完成题目。我还不能熟练地掌握，但是通过接下来的实践，我会逐步提高自己的能力。
office ，这个 ，emmmmm操作不懂诶。有的知识点儿在平时使用电脑的时候有所了解，但是对它了解的不太详细。所以这两次实验预习都有一点儿困难。平时对电脑的接触比较少，对这些操作是一点儿都不懂。但是勤能补拙。嗯 。
windows的操作比较熟悉一点，所以题目做起来蛮简单的，不过还是有很多不知道的地方，例如CPU,memory之类的，根本都不知道是什么，关于可执行文件，批处理文件等等也不太清楚，这些应该都是比较重要的，所以一定要搞明白
本次实验预习也是难度很大，主要是因为我们平时使用word都是只用了最基础的部分，对于一些格式公式等等的冷知识并没有太深入的了解，希望我能通过明天的实验补充自己知识的空白，更加深入地了解word的使用，丰富自己的经验。
虽然说windows很简单，但是我还是不会，也不懂windows是啥。这五道题在课本也找不到答案，在百度上搜的答案五花八门。书上边对windows的介绍太笼统了，使得我还是不理解windows是什么。
本次作业难度较大，主要是因为在网上不好查到相关资料，而课本上又没有相关知识，所以对我们的常识要求很高，甚至有几个选项我只能靠猜测，希望我通过这次实验能够学到更多知识，补充自己的知识空白，继续努力提升自己。
对于office这款软件我平时基本没有接触，唯一的几次也只是在学校里面稍微学了一点，因为不是重要考点，所以那时也没有认真学习，对office的记忆也一直停留在那个阶段。希望大学的重新学习能够熟练掌握office的使用技巧，毕竟这款软件在未来的办公等使用中还是占据着重要地位。
本次关于ie 的题目预习是真的难，可以说我是零基础，word 是一个文档，但又不只是一个文档而已，我希望我能了解word 。并且能运用word 做一些自己需要的文档等等。当然我也希望我们熟练运用Excel 等其他IE常用操作。
本次关于Windows 的题目总体来说对我有一定难度，Windows是个很好的系统，说实话我以前只是听过Windows 这个词，但我并不知道它到底是干什么用的，更不用说熟练掌握。希望通过一段时间对它的学习，我能够重新认识它，掌握它，运用它。
通过这次学习和进行预习，我自己觉得自己存在着很多关于office知识点上的误区和不清楚的地方，在office中还有很多不知道的地方，以后在应用和练习的时候要多多留心练习才能更好的掌握office的知识。
虽然每天都在使用windows但自己对windows的认知还是不够十分的全面，还存在许多的盲点还需不断的加强与认知，明白更加清楚的使用操作系统还需不断地加强与应用才行，才能更游刃有余的使用工具去完成任务
OFFICE是我们平时工作用的常用软件,了解了他我们才能更高效的制作表格,文档等大学生活中必不可少的各种东西.这次题目的知识点对于刚从高中上来的我们比较偏,我掌握的也不多,所以题目对我来说比较难,但我会尽快适应的
本次题目比较简单，都是生活中会用到的，实用性很强，比较好理解并掌握，难点主要是对于.com ,.exe,.bat执行先后顺序的比较的实验有些难，课外要花时间研究，还有在实验时不知道怎么找到相应的文件，即使找到也不能确定是否是可执行文件，所以还要研究。
通过本章的学习，学习到了office软件的相关应用。做题的中途会发现曾经不在意，问出来又不确定答案的题目，通过搜索资料仍然不确定，毕竟书上并没有相关知识。通过对手机上office软件的使用类比除了电脑版本office的使用，可能还是有区别的，所以做题稍有难度。
马上这周末就要上机了，做了这个预习反而更紧张了，平时学习工作不少地方都要用到office，excel 表格，word文档，但其实就只是会用一些，对于别的专业知识并不了解。但我觉得将来办公会在很多地方用到这个，所以现在好好学习。
本次实验预习了解了office的基本使用，通过深入学习，了解到了office中许多以前并没有发现的细节。office对于我们学生来说，特别是计算机的学生来讲，应该是一项必备的技能，但是我感觉自己的水平还很低，因此希望后续能够在实验中体会到更多的office操作技巧。
通过这次题目了解到了一些office的相关知识，word的样式，文件格式等等，到就我自己来说，我对这方面不熟，所以这题目对我来说是有很大难度的，对知识的掌握程度也随之就低了许多。以后多加学习吧，赶上老师的进度。
这次的实验测试题目是关于office的，虽然在之前我们使用的很多，但是在题目中的的很多的知识却不是特别的清楚，有一些题目做的不是很确定，因此还要结合自己完成的情况进行提升，或者在本周的实验中多练习了解。
这次的题目较上次实验的题目较难，很好的丰富了我们的知识面，扎实了我们的基础，对我们的计算机学习有极大的帮助我希望老师以后能经常出这样的题，通过做这种题我对计算机学科的兴趣变得越来越大，学习的态度也更加更认真。
对于windows操作，要不是看了老师发的文件，是一点都不懂，不过看了老师发的文件，只是简单的了解了一下，因为有的看不懂，请教了床下的大佬，才慢慢懂得windos不可以设置路由器，所以感觉本次实验应该挺难的
windows的文件组织方式是树型目录结构，windows是美国微软公司发明的，一直在不断的更新进步，也慢慢成为了人们最喜欢的操作系统，windows不能编译c程序代码，本次题目较难，有一些不太确定。
通过这次做实验预习题目，在老师发的文件中没找到有关内容，书上也没有找到，做的和蒙的差不多，这次题目对我来说非常有难度，对这些知识没掌握，理解的也不到位我还得努力的学习，这就是我对这次实验预习题目的感悟。
本次题目对于我这个电脑小白来说有非常大的难度，许多东西根本不知道是什么。Windows操作系统可以在几种不同类型的平台上运行，如个人计算机，服务器和嵌入式系统等等，其中在个人计算机的领域应用得最为普遍。
我对wps office,word,excel,powepoint不是太了解，以前没怎么用过，到大学才开始接触，对于它们之间的各种关系都不太了解，以后会多接触使用，这些基础我希望自己能尽快都补起来，不要什么都落在别人后面。
虽然windows是我们常用的操作系统，但我并不了解它，关于它的具体概念我都不太清楚，这次的实验预习让我对windows有了进一步的认识，但是由于我自己对电脑的不了解，所以还需要进一步上机多实践操作一下，巩固自己学习的内容。
对于办公软件的运用真是不太简单，平常对这些都不了解，以后需要多了解这方面的相关知识了，真的要认真听课了，平时也不能一直窝在寝室里玩手机了，多去学一点相关的知识才能进步的。争取能够做到熟练利用office.
这次关于office命令的基础测试感觉挑战还是比较大的，因为初入此门，对这方面的知识的掌握可以说是一点儿也没有，做题还是需要参考老师发在群里的文件以及百度搜索相关知识，希望做完这些题和做了本周的实验可以让我对office命令掌握的更好！
感觉自己对各种软件还是有所了解的，但对于一些更深入的功能还是有所不知，比如word是否能引用函数，excel中的图片是否跟表格一起放大。我还有很多东西要学，还要多实践，多使用基本的工作软件，在实践中学习。
这次题目包括了很多内容，有word，excel，还有powerpoint等等，其中还有一些我不懂不会操作的内容，希望在实验中能够理解学会，为以后需要的时候帮上忙，但我觉得这个东西理论知识比实际操作要难。。所以先搞好理论，操作的话以后多联系。
windows操作系统中还有很多功能与操作方法是我所不知晓的。我还需要更多的学习和实验来完善自己的知识结构，锻炼自己的能力，以为成长为优秀的计算机方面工作者奠定基础，请老师在课堂上多多关照，多多锻炼我。
今天的题还是有些高难度的，对于Windows还不是很了解，所以做起题来速度很慢，还要不停的去查找各种资料，以后要及时去预习复习多查资料，完成好每次的题，争取学好这门学科，在实验上面也要下点功夫。。。。
关于Windows系统，所需了解的还有很多，甚至自己基础的许多东西都不会，平时计算机操作中也总是频频出错。这次的题目相对来说，难度适中，但是有些东西确实是不会的比如那个Windows不能做什么的题，四个选项我觉得都可以(:-D)。还需继续才好啊
这次关于Windows命令的基础测试感觉挑战还是比较大的，因为初入此门，对这方面的知识的掌握可以说是一点儿也没有，做题还是需要参考老师发在群里的文件以及百度搜索相关知识，希望做完这些题和做了本周的实验可以让我对Windows命令掌握的更好！
我觉得计算机导论课还是蛮难的，上课老师很幽默，讲的也很好，我也觉得对于一个学计算机的人来说，计算机导论课是一定要学好的，虽然前两周的课我可能没有好好学，但我相信今后我一定会上课好好听讲，下去自己实践的。
Windows系统我以为我已经很熟悉了 我家很早就买了电脑，但确实基础的东西还不是很了解。 我现在确实觉得这些问题没什么卵用，也许只要不久之后我就会意思到我是错的。。。 但我现在坚定我是对的。 第一题实在不好答，我知道最早电脑是鼠标的，所有程序都靠键盘执行(●°u°●)​ 」，所以我就炫那个了 剩下的都靠感觉了
学习了一下Windows的常用操作命令，虽然经常性的使用电脑上的Windows系统，但是对它的了解还不是很多，只是对于鼠标操作有点了解，对它的结构更是不知道,对它的功能,也是了解不多,自己要学习的东西还是有很多,
这个科目概念好多我得多看多记多理解，这节课好难，这节课好难，这节课好难，重要的事情说三遍也不够，我在说一遍，这节课真的好难，感受到了计算机导论的牛逼了，感觉自己是个渣渣，计算机是一个很高级的的机器，只有了解他我才能更好的使用他。
以前一直不了解Windows具体指的是什么，一直以为自带的应用程序也属于操作系统，直到学到了现在的课程，才发现Windows操作系统是不包括应用程序的。此外，对于c程序的编写，编译我们也不是非常了解。
这次的题目真的好难，我总结了一下出现这个问题的原因，其一是之前说的系统地总结知识点出现了问题，导致杂乱地学习。还有就是学习不太适应，总习惯于老师将知识全在课堂上讲解，我发现更多要自己去预习复习，从而提高学习效率。
感觉没有讲，有很多的内容感觉不知道。感觉自己上课没有认真听讲。做题的时候还有很多的内容都是在网上查找的，也算是弄明白了，还有一些扩展的知识也有所了解。但在一些方面还有所不足 ，要记忆的内容很多，感觉很难。
这个科目概念好多我得多看多记多理解 这节课好难 这节课好难 这节课好难 重要的事情说三遍也不够 我在说一遍 这节课真的好难 感受到了计算机导论的牛逼了 感觉自己是个渣渣 计算机是一个很高级的的机器 只有了解他我才能更好的使用他
这次题目难度一般，主要内容就是我们平常在用的windows系统，但是我个人感觉自己对dos部分的内容还没有很好的理解，特别是里面的具体操作，感觉还有好多操作没有弄，不过听说这是黑客弄的。。。应该是会有难度，怎么说呢，慢慢学吧
本次的题目真心难，书本翻了十几次都找不到答案，最后还得上网去搜，有一些还不知道怎么搜，只能去询问大神们，真心困难。 自己对这些只是真的是一窍不通啊，自己看书也是看得一脸懵逼，个人觉得自己自己需要多一点动手使用电脑才能牢记知识点。
通过本周的学习与本次的实验，，我感觉这个题目还是有一点难度，这次的五道题目需要我们对Windows的系统有比较深的认识，比如Windows的文件组织方式与执行文件的优先级和Windows能做或者不能做的事等等。
这次实验测试题目我感觉大部分都要去网上查资料才会做，但是"Windows不能做的是那一项"这个题不太确定。其他题目涉及的知识点，比如Windows的文件组织方式是树形，执行优先顺序.com>.exe>.bat都能掌握好。
Windows这个系统是我们一直又在使用的系统。然而对其了解并不透彻，只知道一些基本的使用方法，对于其一些隐藏功能我们是闻所未闻到的。相信在学习了Windows系统的使用后我能对其有更深入的理解，这个学习内容应该不会太难，就是要留心其中的一些细节。
通过本次对于windows的学习，我一定程度上了解了windows的相关知识，以及关于其内在结构组成的知识，但我对于它的一些概念的延伸还不太明白，相信通过实验上机的进一步加强，我一定能彻底掌握这些知识的。
我认为我对office虽然使用频率很高，但是还不甚了解。对于word、powerpoint、excel的运用中，很多功能还不知道，也有很多不能使用的功能不清楚。我还是会在运用office的过程中多多观察他们的特点并熟练掌握。
关于windows我并不太了解，甚至不太清楚它所包括的范围内的各种功能。我认为这次预习对我来说也有一定的难度，让我觉得我对windows的了解十分薄弱，包括它的基本结构和许多常用功能。我希望在实验的时候能够通过老师的讲解逐渐明白windows的各项知识。
对于我来说我觉得我遇到了我最难的问题，这个问题就是关于电脑系统的操作，不仅是DOS命令还是Windows,我都感觉到了一定的难度，因为我可能在这方面没有一点的基础，所以现在的我学习起来比较困难，但是我会珍惜每一次的实践机会，努力地去学习到更多的东西。
我觉得打字在目前还是我的弱点，我还不能盲打，即使是看着键盘打也不是非常快，作为一个程序员，我知道这是一个非常大的缺点啊，但我会采取一些措施去做的更好争取在一个月内将盲打变得更好，还有就是严格的要求自己，将计算机导论学好。
本次实验预习测试，我很多都是查阅的资料，我对这一方面的知识了解还十分欠缺。但是我也学习到了关于DOS的一些操作，我也丰富了自己。但目前还是理论学习，并没有融入实践当中，我可能还会有很多的缺点，我也会在以后得学习DOS继续改正。
此测试讲了关于dos的核心，安装步骤，操作方法，功能，以及一些用法，涉及要记忆的东西很多，难以一时掌握，多看多用会有更好的结果，但我们自己又没有电脑前，此次测试可以稍加尝试，便于理解，但还是需要更多实践才更好
对于这次的题目。。。。这种单纯预习还是不太好想心得呢。反正感觉这玩意要听了课并且实际操作后才能理解。现在我自己看的都觉得很模糊很含糊不清且难以理解。。总感觉很麻烦。总之就快上机了，届时没有电脑的问题应该能有所改善了。
英语看不懂，看不懂看不懂看不懂，没有预习，看不懂看不懂，不知道不知道，什么都不知道，预习不了，看不懂看不懂，不会做不会做，什么都没说，什么都没看懂，什么都不会，理解不了，掌握不了，难难难，看不懂看不懂
许多许多关于计算机的各种细节知识，让我了解到，计算机不只是打代码那么简单，好多细节知识都很重要，我也要努力学习，全面理解，全面提升自己。关于DOS方面我也不太懂，希望可以通过计算机导论这门课让我能够理解掌握他们。
因为以前基本上没有接触过DOS这个操作，而且对键盘不熟悉，从来没有使用DOS对电脑进行过操作或是运行文件等等，所以DOS对我来说算是一个完全新的事物，我会努力去学习这个操作方式，认真记忆命令行，尽快熟悉DOS。
这个题目大概是计算机的基本内容?不过总感觉怪怪的。比如第四题，我觉得计算机显示屏和主机的开关顺序换一下也没有太大的区别。对于打字，这玩意永远要去做才能练习起来，光是说是不会有任何进步的。然而我们没有电脑来练习，这是弊端。
有关于dos的知识我掌握的还不是很熟，对于一部分细节的问题分辨不清。这次预习的题目对我来说，有一定的难度，一些题目我对比老师给的文档，也需要一阵时间来找出答案，不过在这个不断寻找答案的过程中，我对dos的各项指令都有了很大的熟悉感。
这次做题，感觉好难，基本上都不会，查了资料和文件，还是有很大的难度，不能选出正确选项。感觉题目不会做。对DOS不了解，学上去很困难，课下还是要仔细看看文件，再查找资料，为下一次DOS上机做充足的准备。
哇看不懂啊这两天事情太多都没有预习，我发现，大学学习，真的是要看自己，没有人指引自己，只有自己教自己，自己去学习，我这种懒惰的人果真是遇到了很大的挑战啊，其实，我超级懒惰，很少主动学习，而且注意力无法集中，也一直很痛苦，希望自己可以早日改正
完全不会写。网上的答案也千奇百怪。不知道选什么。希望老师提供有关的参考书活着资料，或者可以提供相关的学习网站。 感觉这次题目很难。 老师会看感悟吗？ (｀⌒´メ)(｀⌒´メ)(乂｀д´)(乂｀д´) 100字了。
个人感觉本次题目很难，对于dos的相关知识了解甚少难以理解，因此我需要花更多的时间去学习相关知识，也许暂时是非常的困难，但是我相信，只要愿意位置付出不断的努力，就一定能做出一定的成就。努力才能不断进步
DOS指令对于现在的我们来说太陌生了，以前不会使用这个去操控计算机，搞不清楚很多基本的东西，没有条件去实践，所以实在是有困难，要从'新'开始它的学习得付出更多的时间和精力，可是条件好像不太允许，没有自己的电脑
个人感觉这次试题全是我没有掌握的，可能是上课没注意听课，没有一点印象有讲过DOS。确实这次题目难度超出想象，基本都是靠蒙的，老师发在群里的文件英文版的，理解上有很大的难度，这次的测试没能达到理想，望老师谅解，我也一定会在后期努力学习的。
本次dos命令是一个比较新的知识点，内容较多，难度偏难，掌握可能不是很容易，但通过预习与上机的训练，可能会更好掌握dos命令及其知识点。本次对dos命令的掌握存在欠缺，需要多加练习，本次题目偏基础，但还是有难度的。
Dos命令应该算是计算机导论里面比较慢的一部分，一个是我们对于一些命令还不熟悉，而且对于dos系统还很陌生，掌握起来不是非常的容易，其次是我们对于一些系统后缀以及一些系统常识没有全方位的了解，需要我们课下再多看书，多查阅资料
这次的实验对我来说有点难，好多问题都不会，都是依靠百度贴吧等资源来解决疑惑。总体来说，我对于DOS命令还是不太熟悉，因为感觉有太多的命令格式要记住，还有就是在计算机中，我个人感觉不会经常使用DOS命令，所以可能不太适应。这次的实验预习，主要有以下几点： 1.了解了一些DOS命令的常用命令格式，期待在今后的运用中掌握它； 2.DOS命令是必会的基本功能，熟练的运用，能很大的方便我们今后的学习； 3.DOS命令是根据什么而编写的，如果知道这些，可以很好的帮助我们掌握它。 这次的预习报告就到处结束了，期待自己有个好的实验结果！
题目涉及了电脑的开关机的操作，电脑键盘的认识以及如何利用浏览器来寻找到自己需要的内容，由于对电脑的认识很少，我对这些的理解不太深。通过对书本和老师的上传的文件的阅读，我基本了解了浏览器搜索和键盘打字时手的放位，但是还是有些不是很明白，还需要在实践中不断的去学习，练习。
本次题目难度适中,但由于其中涉及到了有关于dos新的知识,所以我还是感觉到有些困难,但我觉得有关于dos的新知识我还是感到十分有趣，所以我希望能在今后的学习里多多接触不曾了解的关于这方面的知识对我大有益处
计算机导论的上机部分是第一次做，对于今后要一直与电脑打交道的我们来说，熟练地操作电脑是很重要的，也就因此要注重上机练习，这部分很难用题目和语言来说明，要靠自己去实际操作，我其实对电脑并不熟悉，就更要多加练习
对DOS的了解基本为零……对个人而已，真的不会，而且老师讲的内容没实际操作过真的非常容易忘记，没接触过更是难以理解，挺头疼的。对电脑的一些常用操作也不是很了解，各种按键组合表示的命令也不是很懂，好像有ctrl+Alt+一些字母。真的是从零开始，任重道远。
虽然老师上课讲过，但由于我没有记笔记，导致我听了和没听是一样的，这就提醒了我，上课不仅要听还要动笔记。也许正是这种不记笔记的习惯，导致我现在上课听讲就像没听一样，效率很低。要改正这习惯，并提高效率，我要开始记笔记
本章的内容对我来说还是非常难的。因为缺乏一定的基础，实际掌握本章知识有一定的难度。其主要内容是了解文件相关内容，了解计算机指令，初步了解识记文件的各种类别和分类方式，学会文件的一般管理和识别，能操纵简单的指令
操作系统 DOS，是英文Disk Operating System的缩写，意思是“磁盘操作系统”。DOS系统主要是一种面向磁盘的系统软件。攻击现象 DoS攻击，是网络攻击最常见的一种。它故意攻击网络协议的缺陷或直接通过某种手段耗尽被攻击对象的资源，目的是让目标计算机或网络无法提供正常的服务或资源访问，使目标系统服务停止响应甚至崩溃，而在此攻击中并不入侵目标服务器或目标网络设备。DOS的了解目前并不充分，好要在学习中了解并好好使用他。
主要存在的问题就是对键盘的键位不熟悉，从而导致打字的时候速度很慢，或者就是打错。学好计算机就要记住键盘上每个键的位置，提高对键盘的熟悉度，然后才能提高打字的速度，为学习编写代码等实践能力打好坚实的基础。
对这些知识完全零基础，很陌生，只有上课的零碎知识。DOS命令很不了解，对那些英文缩写表示的意思也不知道，命令格式也不清楚，还有算是关于DOS的基础也不知道，真的好懵，不过对这些知识还是很好奇有兴趣的，要多搜索这方面的知识，多了解，
感觉dos有些难，很多都跟生疏，包括del,dir等等，都容易混淆，以前从来没接触甚至没听说过这些东西，txt,exe,bat等等还听过一些，还有就是，一些命令行的格式，什么时候要＼啊之类的，都不是很清楚
这次的题目是有关于DOS的题目，对于DOS，我只有一些很浅很浅的了解，所以这一次的题目做下来，还是非常需要查询资料的，我对于这些内容的掌握度还不够，这次的题目对于我来说有些难度，所以还需要更多的去了解。
原来一直是用鼠标完成的工作现在全用dos命令感觉非常不习惯，要学的指令感觉好多，作为一个初学者，完全不知道该输入什么指令，对于dos中各文件，目录的代码也完全不知，希望老师课上能多多讲解，我一定好好学习。
要对计算机重新认识了，因为的确不知道自己之前的哪些知识是错误的，比如……开关机。计算机如今基本每个人都有过接触，但学习计算机专业无疑要对计算机有更深入的了解，更精准的认识。这些也是也是学好这个专业的基础吧。
计算机博大精深，dos博大精深，令人佩服佩服，好难啊，对于不太了解计算机的我来说，是一趟异常艰巨的任务，好好学习，天天向上，买个键盘练打字去了，还是一脸懵逼，计算机导论真的博大精深，加油加油加油加油，努力学习，
在本次的计算机实验课程预习中，我学到了许多课堂之外的知识。但第一次面对计算机实验的我，感觉自己还是什么都不知道，如何去做好这次的实验，仍然使我担忧。实验课的预习报告非常重要，它可以教会我们解决很多问题，帮助我们提前知道实验中可能要遇到的问题。这次我主要有以下问题： 1.键盘分区是依据什么来划分的？ 2.我们该如何来提高自己的打字速度，还有就是如果不按照标准的键盘指法，会影响我的打字速度吗？ 3.老师，实际的说一句话，我感觉自己打字速度根本提高不了，这该怎么办呢？
强制百字心得体会真的很迷。。。。。。。。。。。。。。。。。。。。。。。。。。。。。。。。。。。。。。。。。。。。。。。。。。。。。。。。。。。。。。。。。。。。。。。。。。。。。。。。。。。。。。。。。。。。。。。。。希望简单点
计算机知识博大精深，作为计算机小白，首先要做的就是练好盲打指法，还有更基础的计算机操作知识。我感觉自己真的对计算机了解浅薄。以后要多上机实验，培养动手能力。想学好计算机，就要了解计算机的结构。这样才能更深入地学习。
这一次的题目难度比较大，有很多不太清楚。这次题目所涉及的知识点是关于磁盘操作系统(DOS)的，DOS是由核心程序和命令程序组成，核心程序包括系统引导程序、MSDOS.SYS、IO.SYS和COMMAND.COM。对于这类知识，我们要多读多看增强记忆。
计算机完全小白一枚，真的很懵啊，感觉有点跟不上了啊，都不太懂怎么办，老师讲课希望可以讲细一点，学到现在也不知道这门学科到底是学什么的啊，感觉是一个漫长的征途，唉，好好加油努力努力吧，还要盲打，艰巨的任务。
题目蛮简单的，不过关于键盘的知识还有很多不清楚的，以及打字还是有些慢，如果真的不能看键盘的话，可能还是会有些手生，一不小心就按错了，基本上将键盘的按键分布背下来了，不过感觉还是硬记下来的，打起来太不熟练。。
我对键盘还需要更多的了解，很多时候不知道为什么，不知道那是什么键，就能直接按下去打出想要的字，大概是按多了吧，但现在没电脑，无法多实践，只能看着先把键盘记住再大量的操作，最终能符合要求打字，既快又准！！
这次的题目是有关DOS的一些知识，有些东西是书上找不到的，需要自己去不断学习，记忆，理解并运用。但是自己做这些题目的时候有一定难度，其实我以前从来没接触过有关的这些知识，但我会在以后慢慢地去了解和学习。
这次实验预习主要是有关于计算机的外部设备等等的，有关于键盘的，也有搜索的，内容相对而言比较的杂和多，我觉得自己对知识点的了解还不够深刻，掌握得不够扎实，题目对于我来说是有一定的难度的，需要好好预习，好好理解。
好难啊！！！！！！！完全搞不懂这个控制输入好难还没记住，书上也不知道在哪，看来要更加深入的学习才能更加了解dos的用处，现在还没什么感觉，还不太会用，不过我相信我可以学好，看来要多看书，多实践才能融入其中。
这题目好难啊……为了写它，我要不停地百度，不停的翻书……唉╯﹏╰但是确实考得很专业，是我们要真的去弄懂它才能答出来的，在考察学生学习水平方面做得很好。我觉得题目不错，我们在尝试去解决问题的时候能够学到很多知识，不管是问题答案本身还是去追寻答案的过程。
本次实验有点难度，对DOS很不熟。但他是一种十分便捷快速的操作方式，相对于鼠标的点击，键盘上的按击更迅速，能成倍的提高我们的效率，更节省时间。能很好的掌握dos将会是操作时的绝对优势，我还需要多加练习。
对键盘排布有了更深的认识，学会规范的使用键盘和打字，掌握了手指的放置和各手指对应的区域。会熟练的记住各字母区域能高效工作，这也是我们计算机专业的必备基础能力，因为以后我们工作都是和键盘打交道。本次实验对键盘还不熟，需多加练习。
本章是关于dos系统的学习，dos在使用起来虽然没有windows直观，但寻找子目录却挺快捷的。本章的难度相比于之前的课程感觉更大一些，更需要理解与记忆，特别是cd，md，dir之类的命令，这些都是需要花时间记忆的。
说实话，第二次实验的题目第一遍看感觉比较困难，有的题目根本看不出答案来，就把群里发的那个文件又仔细看了一遍，还是不能快速做出来，然后百度了一下DOS命令的相关内容，上面的讲解挺详细，看了之后感觉清晰了许多
这次实验测试，我觉得难度较大。里面有很多的题目，我都是翻了很多的文件资料才找到的。这次的题目我觉得主要是我上课的认真程度不够。也可能是预习不够。导致有几个题目很陌生。要查阅课本和群里的文件才找到了正确的答案。期待下次能够做的更好。
我感觉这次的题目比较难，虽然是从课本上找出的知识点。相比于第一个实验的题应该要难一点，而且这次的知识点有的需要理解，但又不太好理解。希望可以在上机课上亲自操作把它彻底的搞明白最次也要理解⊙ω⊙ ，就是这样。
说实在的，我真的不知道这从哪预习。在那PDF上只有指法的练习，至于计算机的那些，我都是百度，甚至我百度都没看懂。老师设置课前预习是为了让我们去看书，提前了解要学的知识，但，对于没有地方的预习，怎么起的到预习的效果。
第一次实验还有点小小的激动。接触了计算机，开始学习盲打，买了键盘专门练习，但自己并不能像大佬一样在键盘上随心所欲，只能慢慢练习，希望自己的手指可以变得更灵活。我想键盘是我以后必不可少的小伙伴，所以加油练盲打吧。
本次题目比较难，因为我从来没有接触过，这是一个陌生的东西，尤其是只听了老师讲课但却没有上机实验过的我，对于这部分知识感到十分的忧虑。dos指的是磁盘操作系统，是个人计算机上使用的一种操作系统，应用非常广泛
这是第一个实验，应该是熟悉一下计算机的体系结构以及主机箱面板与后面的各种接口的作用，这些到是相对简单。另外键盘的键位和指法记住倒是不太困难，要盲打的话感觉难度很大，一方面以前家里没有电脑，键盘本来就不熟，另一方面学校不让带电脑，练习的机会就更少了，盲打要考试的话估计够呛！
这次题目还是比较简单，可能是比较贴近生活的吧，因为平时玩电脑还是比较多的，所以对键盘的位置有点认识。但是说实话，对于接下来的盲打测试，而且现在还没有键盘练习。。。。有点惨，希望盲打能通过吧嘿嘿，也希望对计算机导论这门课能有更高的兴趣
我感觉自己对于计算机接口的知识贫乏。由于原来在家里一直使用笔记本电脑，完全不了解台式机的使用。希望老师能多一点这方面的讲解。 键盘的知识还是很简单的。 本次的题目很陌生，感觉比较难，一想到实验报告还没写，有种想死的感觉。
通过本次学习预习题目，学到在DOS指令下如何查询计算机内存内容，目录以及子目录极其内的内容。还学到了各种命令方式，文件后缀名称。对于关于dos具体指令还未记忆清楚，希望在以后的课堂上学到更多相关知识。
不是特别了解dos命令，上机操作可能会有点困难，许多指令容易弄混淆，如xcopy与copy，还需要加强理解，希望上机后能有所改善…有点困惑，发现不懂的越来越多了，希望老师能给些建议帮助我们了解一些计算机的基本知识
对于这里面的题目感觉还是有点陌生的，像那个文件格式和后缀什么的还不是特别清楚，还有具体操作也不太清楚。那天上课的时候说了一些，但还是不是很明白。自己预习这部分的内容也不是很到位，有的地方没能理解过来。希望老师可以再说一下这部分的知识。
对这个DOS命令感觉不咋懂，感觉主要是因为记不住。所以还是得先把DOS命令记下来才行。最近学习，感觉需要记忆的东西增多，需要操作实践的也增多了。对键盘还是很不熟悉，手指不是太灵活。特别是小拇指和无名指，非常不灵活，不能准确的判断键的具体位置。
平时不用DOS,如今只能自己难受.这次题目内容只能靠自己平时的了解和实验.这次的题目很难.即使看了课件也不一定能记得下这些命令.但是这是我们要掌握的背也要背下去.熟练使用DOS能方便我们自己进而对电脑有一定了解
dos真的很难，在没有任何之前的知识的情况下，做题很懵。看了老师发给我们的文件后，已经初步了解了知识。但是五题中还是有两题不确定，特别是那个命令错误的是。里面的选项都在命令中见到过，所以感觉都是对的，选完也是超级纠结。希望通过学习可以更好。
通过这次测试，我发现自己对与计算机有关的知识了解的特别特别少，键盘区不知道，甚至连基本键也不清楚，对计算机的基本结构也是，还有那些外围设备接口，简直不知道，不过这次测试后也有了小了解，以后要多查一些关于计算机的内容。
通过对DOS命令的预习，我简单的记熟了一些常用的命令名:如DIR，CLS，COPY，CD..之类的命令名;但是我对DOS命令还是没有理解清楚，尤其对DOS的磁盘管理操作没有搞懂，希望老师可以着重讲一下这个方面。
我对于DOS的使用是完全一无所知，是在老师简单介绍之后才有了一点简单的了解。但更多的还是空白，没有实际操作过，记忆不深，感觉刚下课就忘了很多，希望下次上课或者上机实验能再好好听一听讲，尽量多学多记一点东西，对于这次的测试实在是没有把握。
关于DOS知道的不多，其实是一点儿都不知道，也不知道他是干嘛用的。预习了DOS之后明白了那些个操作但对DOS的认识还是有点模糊。这次的题呢也是根据我预习的那些个来做的，预习的不太好，主要是太多太难了 ，不太好记。
由于很少玩过电脑，对于键盘和电脑很不熟悉，觉的题都比较难，所以渴望明天的计算机导论上机课，能够学到关于计算机的基础知识。 现在还是有点担心明天的上机课的，所以现在要努力熟悉，争取能够听的更加透彻。加油吧，计算机。
经过实验预习，发现自己以前的打字方式太过随意，一般只用食指中指和无名指，经过学习后了解到一些错误用法和正确的姿势。再者，看着纯英文版的预习作业还有点小困难，不过取其精华还是能够理解意思，希望能够熟练打字，做到盲打。
这次的实验内容感觉比较难，要记的东西很多，并且格式还有要求，需要进行多次的练习才能慢慢掌握。用DOS系统操作非常快捷方便，但也非常容易出错，关键还是要记住命令的语句，符号也不能打错，预习了一遍感觉还是不太懂。
本次知识点涉及的方面是课本没有的，大一新生不能带电脑，不能在电脑上实际操作，预习起来基本是理论知识，很难记住，内容很生疏，无从下手，只能一遍又一遍得去看老师给的材料来加深记忆，这样也能锻炼学生的自主学习能力、
大致知道了复杂的dos命令系统，太多操作命令，很难记住，操作起来很不娴熟，一些操作命令和不能直接执行的一些命令记的不清楚，希望通过实验上机课对dos系统能掌握得越来越娴熟。。。。。。。。。。。。。。。。
这次题感觉很不好写，查了好多资料，才写完，也不知道写的怎样，但是也尽力了，实验课要好好完成布置的任务，写好实验报告，让自己进步，加油，加油加加油。好好学习，天天向上，励志成为一方大佬，一周要奋力加油。
这次题目有点难，必须要深入理解Dos才能会做题目。。。有很多关于dos直接的命令，很考察学生的实践能力，还很考察细节，比如del能删什么不能删什么，文件与目录的区别，都需要自己的深入掌握，但dos学会了后会很方便
本次测试是关于DOS的命令格式和使用，老实说我对于DOS真的是一点都不了解，所以这五道题目是真的难到我了，上网查阅资料也还是不理解，那些命令格式的对错我是真的有点混乱，有点分不清楚，看来我对计算机知识的学习还要继续努力啊！
了解了DOS命令,大致知道了常用的命令符号及其基本涵义,但是不熟悉，看到符号后还是要回去找课本,去确定它的意思。对于DOS命令的使用,还是不很了解，至于DOS命令的好处及应用的方便性，可能因为不曾用过，所以还没有体会到。
试题专业性强一些，有些上课没有讲╭(°A°`)╮百度上搜到一些，书上找一些，做起来还是比较艰难 强烈建议这个软件开放错题集功能并给予相应解析，便于预习，复习等使用。 期待上机实验ing 键盘操作还是没问题的 但是全盲打没试过，因为用智能输入法，顺序不固定。
本次试题难度很大，可以说都不会。以前都没有接触过，在书中也未找到明确答案，这次预习比较失败。但我会再接再厉的，争取以后能完全掌握dos。现在我深刻感受到了计算机导论并不是特别好学，之后点会多在这个科目上花费时间。
之前的一些内容多少还有些了解，Dos是第一次接触，所以感觉掌握的还不是很好。但知道了利用它来帮助自己解答一些问题，比如查找文件，对某些字词不理解，都能通过它找到解答，具体的操作还要实践，周末就会有上机，也是第一次实验上机，很期待。
这次题目涉及了DOS的基础，对于我这个完全没接触过DOS的小白来说，做的挺不容易的。特别是手上没有可以实际操作的设备，经过了一番的查找资料，也算是勉强搞懂了几道题目，也对DOS系统的操作有了些初步地了解。
这次的测试主要是关于dos的，虽然五个题目完成了但是却感觉没有底。感觉对于DOS还很陌生，以前也没有用过DOS命令。马上我们星期天要进行的实验就和这个相关，在实验的过程中还需要进一步的研究，体会他的优越性
说实话，Windows用习惯了之后，这些DOS命令是真的不熟悉了，而且有点难记住，总是习惯点击图标，而不习惯输入命令，如果用Linux系统的话，这些命令可能会很熟悉也很容易记住，还是要花费时间去把这些命令都记住。
通过这次做题，我感觉这次题目考察的完全是我不会的内容，认真看了实验2的ppt查了查资料，还有题目不是很清楚。对我来说这次的题目难度较大。比如扩展名，dos系统下的命令，都从未接触过。这就是我这次的感悟。
虽然是常识类题目，但我还不是很清楚，比如键盘的分区，去百度了一下，却发现并没有答案中的结果，还有其他的都是常识，但对题目没有把握。自己不是太懂计算机。自己还需要慢慢的学习提高自己。这就是我对这次题目的感悟。
本次学习让我更加细致深刻的了解到了有关计算机的基础知识，我才发现用了那么多年计算机的我其实还远远没有接触到有关计算机知识的核心部分，我会更加努力地钻研学习有关计算机的基本知识，为未来更进一步的学习打下良好的基础。
手指按键盘的分化来打字不熟悉，错误率比较高，主要集中在i与o、t与y、m与n以及符号的错误，还有机房的键盘删除键与“=”之间有“\”导致删除变成了“、”，有些题目是老师在课堂上说的，由此可见，听课很重要……
通过学习才发现自己对于计算机基本构造还有很多不解，然后学习到计算机的接口和内部组成原理以及它的运算规则等等。之前开计算机时并没有想那么多问题，在接下来的学习中，我要重新构建对计算机的认识，培养自己的兴趣，为计算机事业做贡献。
好难，感觉进入了一个全新的世界。书上也没有相关内容，在网上查资料也比较困难，但是觉得这些学好后更有利于计算机的学习与利用。也觉得花费的时间很值得。希望能通过一次次的学习，能熟悉并掌握dos,了解更多的计算机知识
上课时讲的有的没有记住，DOS命令的格式记得很模糊，有的搞混了，感觉有的在课上没有讲，但是可以查找相关的资料。最主要的感觉是自己在上课是是被动地接受，没有去主动地学习，感觉还有其他的上课没有讲的内容自己应该在课下学习。
这次习题于我而言真的很难，DOS是什么，它的功能作用是什么，我真的真的是一点都不懂。我感觉学习发压力越来越大，自己的竞争力却很小。对于自己这方面的缺陷，第一，我希望在课堂上得到解决；其次，我会更多的请教同学们，以提高自己的知识水平。
我觉得自己的计算机基础几乎是没有的，做完这些练习题，感觉很困难，对这方面的知识一窍不通，觉得自己还要努力加强这方面的学习和了解。我没怎么玩过电脑，更没有对计算机有过什么研究，打字水平也很差。今后一定努力挽回这落后的局面
这张内容很欠缺 很多知识都不知道如何去写 因此学习的压力很大 对知识掌握不到位 以及对一些基本操作不太了解 需要不断努力 更好的进步 自己对内容以及题目不了解 需要经过一些学习 正如知道的越少 所需的信息量越大是一样的 我要对内容更好的掌握
身为一个将来要做程序员的人，必不可少的就是敲代码的速度，而快速度敲代码的基础是对键盘熟悉，包括字母的位置，符号的分布。我觉得盲打是要练扎实的基本功，虽然现在让我完全盲打很困难，尤其是涉及符号，根本记不清在哪儿，太多啦，但我相信熟能生巧，勤加练习，熟练度与速度就会有所提升的。
本次实验课内容涉及到键盘的使用和打字的指法，我在练习的时候发现自己虽然可以盲打，但是指法很有问题，按照标准指法打字的时候很别扭，也很不舒服，打的也很慢，发现自己还要多加练习才行。指法的练习涉及到日后敲代码的速度，自己要多多练习才行。
这次的题目非常难，涉及到的知识点是我以前没有接触过的，全新的一个东西。我对知识点从没有掌握。需要老师的指导，题目的主题全是dos系统。而我以前并没有接触过类似的内容。我需要认真的去学习，去了解，去掌握
本次题目较难，需要熟练了解计算机的一些格式和命令，以及这些命令在哪些情况下可以使用，哪些情况下不可以使用。同时还要掌握这些命令的格式，一个错误的命令格式是不能够执行的。还了解了有关DOS的一些基本知识。
因为接触计算机较少，对一些计算机相关的知识了解的就更少了，更不必说什么dos命令系统，所以我觉得这次的题目对我来说难度相当大，根本不知道从何处下手，不了解这些东西。希望在以后的学习中对这方面的了解能更深入一些吧。
由于之前没有听说过dos，也没有特意去了解过，所以对于dos还是很陌生的，这一节预习起来也不是很轻松，对很多概念并不是很清楚，感觉去做实验对于自己也是一个挑战吧，虽然预习过，但这次的题目做起来没有太大的把握。
感觉这部分的题目都不会做，以前没接触过，边查资料边做题，不过还是有一些题不知道怎么回事。上课可以有重点的听这节课的内容，深度了解DOS命令，并灵活使用这些命令，完成实验内容。感觉这些题目非常难，掌握的不好。
我感觉计算机外围接口的题目原来的认知度不高，以前只知道插键盘、鼠标的usb接口。计算机的开机顺序以前老师提过，不过没在意，现在知道这样是为了避免损害主机。打字时自己的手指摆放位置很不规范，以后要多练习正确手势。
对这些知识点理解感觉挺困难的，自己认为掌握不透彻，概念记不清楚，容易混淆。这对几个如DOS这个操作系统，以前听都没听说过，都不晓得是干啥的。对于它理解十分困难，因此感觉本次的预习比较费时，收货程度也不好。
本次题目难度较大，其中有很多关于计算机的零散知识点，都需要多看书才能迅速找到答案。我对知识点的了解还是比较薄弱，还需要多看书增加记忆。希望自己能够再接再厉，认真学习计算机导论的知识，做到认真细致，不遗漏重要知识点，能够对计算机科学多加了解。
我来自贫困地区，家里没有电子设备，因此就没有计算机，就高中在班级上课见识了计算机，所以对计算机很不了解，对于计算机功能，组成更是十分的模糊，对于本次对知识点理解，掌握程度不是有太大的把握，感觉还是挺困难的
今天学习的内容 很多我很纠结 感觉开电脑没那么麻烦啊 这种题是以前的题 现在随着科学的进步 很多计算机都简化了开机步骤 我个人的打字水平很差 需要自我完善 不断去努力 不断去进步 在以后的实验课程中我会更加努力进步 争取完成标准并不段提升自己
dos操作系统是我以前完全不知道的，然后因为要上机实验就通过百度、看老师发的文件学习有关dos的知识，发现dos其实只要记住常用命令符号就会很方便，我现在可能记得不太多，所以之后这几天会努力的学习一下，然后因为可能我对dos还不够熟悉所以有的题目我不太知道，但是我相信通过我的努力我会都懂的！
通过本次题目我基本弄明白了关于Dos命令的构成，文件的类型，以及关于创建目录，进入目录，退出目录的相关命令。总之，这次题目让我了解到了关于Dos命令的基本内容。由于以前没有学习过，本次题目对我来说有点难度。
这次关于DOS命令的基础测试感觉挑战还是比较大的，因为初入此门，对DOS这方面的知识的掌握可以说是一点儿也没有，做题还是需要参考老师发在群里的文件以及百度搜索相关知识，希望做完这些题和做了本周的实验可以让我对DOS掌握的更好！
本次的练习，在熟悉键盘的同时也了解了搜索引擎的使用小技巧。但由于打字很少，平时打字也没有按照标准的打字方式。所以对键盘标准化的使用相当不熟练。在以后的日子里需要花很多的时间去练习，去习惯。练的越多，熟练越多。
DOS操作系统是最早的个人电脑上使用的一种主要的操作系统，而我们现在使用的win7和XP都是在它的身上研发出来的，其历史相对计算机的发展而言比较古老，然而它也是计算机科学中的一门必修课。DOS系统有自己的操作方法，需要我们去学习如何使用，而本次作业围绕DOS系统命题，指明了我们预习DOs系统的方向，难度稍大，需要大量的查阅资料。
虽然之前用过电脑，还挺长时间了，但好像没有去关心过题目中所提到的这些细节方面的东西，只去关心功能了，玩游戏比较多，好多关于专业知识上的东西，一些很细节的地方还是不清楚，这次题目还有点考到我了，以后多会关心这些方面。
对键盘非常不熟悉，不能进行盲打，总忍不住看键盘。想知道手很小手指很短对打字按键盘有影响吗。今天讲的命令提示符之前完全没有接触过，所以感觉有点听不懂，很混乱的感觉。我感觉那些符号太像了，完全分不清。今天学到了信息是由它的不确定性来衡量的。信息不是物质，也不是能量，是对客观存在的物质的文字描述。
对于电脑还是有很多的不懂，像非计算机的外围接口是什么是自己查找了之后才知道的，，，不过其他的也因为查找也知道了。但同时也感觉了自己的知识薄弱，像计算机的基本知识，感觉自己之前听课的效率很低，而且做的笔记也很少，这说明了之后做笔记的重要性了。
这次实验主要是对计算机的基础知识的实践操作。我认为我在这方面还有很多不足。我对键盘的不熟悉和计算机主体部分的不了解会对以后的操作造成不必要的麻烦。所以我买了蓝牙键盘进行熟练操作。我也发现我的手指占位不标准导致有打字困难，我也会主动改进。
玩了这么多年的电脑，也打字了这么长时间了，今天一做题发现自己对于计算机的基础知识还不是很了解啊，简直是个小白，既然选择了计算机专业，就要更充分的了解计算机的相关知识，在之后的导论课上，要认真看书听讲，好好弄明白计算机的相关知识，了解计算机的构造和硬件方面的知识。
本次预习对计算机软件有了更好的了解。本次题目有些难，专业性较强。本次实验学起来有些难，但我也听学长说这个在以后的学习和应用中很重要，所以不管多难多无趣也要好好学，要为以后打下基础，目光要长远，同时也要培养对这方面的兴趣，快乐的学习。
最近看到一句话不是因为你是什么人就去做什么事，而是因为你做了什么事而成了什么人！ 觉得这句话不仅适用于职场 也适用于学习上 因为你好好读书才能保研or find a good job 感觉这节课会比上一节的实验难很多
本次实验测试感觉没什么难度，讲道理来说做起来很容易，但真的做起来发现这些简单的，基础的知识我都不太清楚，对计算机的了解很少，让我意识到了自己的不足，今后我会更加重视对基础知识的了解，弥补自己的不足之处。
计算机导论的一些答案区别很小 体现了计算机对学者的高要求 要求学习的人要更加细心 注意区分 也看出了计算机的精密 觉得这些题都挺简单的 但是我却没有把握作对他们 意识到了自己 在这方面的不足 日后会更加专注于这门学科的学习
关于键盘打字的问题，由于我是偏远地区的考生，从小到大对计算机的接触并不多，很多计算机的应用知识都不会，最基础的问题就是键盘打字，非常不熟练的我打字速度特慢，而且还会用错手指头，接下来我应该多去机房练练打字，把最基础的做好，同时也要学习更多的理论知识。
虽然直接有接触过dos命令，但总体而言我对它是比较陌生的。经过一定的了解我发现使用dos命令可以有效地管理自己计算机中的资源，但是dos命令的格式是至关重要的，如果命令格式错误则命令就无效，dos命令的意义也就不存在了，作为初学者应该熟练掌握这些格式，避免出现上述情况
通过这次预习，我知道了一些计算机操作的基础知识，比如打字时手指放在哪里打字比较快，不看键盘快速打字是一项基本而且重要的技术。也学习到了一些搜索引擎识别关键字的原理，以后可以更加准确找到自己需要的信息。
以前玩电脑玩的比较少，在手机上打字也是九键拼音，所以打字特别慢，对键盘也不是太熟悉，用金山打字通学习过键盘的基础知识，对键盘有一定了解，但是打字速度还是没有提高，这次借着实验的机会要好好练一下，买的键盘也要自己在空闲时间练。
现在，自己对计算机键盘的熟悉程度还不够，主要是因为自己缺少实践的机会，没有亲自动手去熟悉键盘。除此之外，因为平时没注意去留意计算机的构造，我对计算机的结构也不太了解。要好好把握实验上机的机会，去弥补这些不足。
首先感觉练习打字是一个看起来容易想要做好却有点难度的事情,需要不断的练习,对于计算机的开机与关机应该还是了解的,但是对于一些专业的名词,如非计算机外围设备的接口是啥,确实不太知道,但是实际上对于USB,我们却经常提到,说明对于学计算机的人来说,掌握这些专业知识也很重要,总的来说,对于这些知识掌握的不太够需进一步在实践中加强。
这部分的测试主要涉及文件等等，其实要牢记的知识点还是很多的，这就要求我课下努力复习，认真总结。这次的题目也是很有难度，很有水平的，可能是我预习不到位或是怎的，总感觉有些知识点记不起来，所以在上课时我还是要认真听老师说的，做好笔记。
对计算机的基础知识考察 ，这有的还知道知道一点儿 。因为平时不用电脑，以前也没有怎么用过，所以不会用电脑打字 ，打字打的太慢了，记不住那些字母都在哪里，而且手指头不太灵活尤其是左手。谁有好的办法可以让指头灵活起来。️️emmmmm ......
键盘的按键分布还不熟练，大概知道基本位置，还有待联系。搜索方式其实是第一次接触，很陌生，很不了解，但很感兴趣，不但对生活学习有很大帮助，并且可以了解到更深更新的咨询。感觉收获很大，但需勤加练习才能掌握。
